verb_norm,freq
이,10508
하,3704
있,3468
되,2017
않,1685
보,780
이러하,731
대하,678
주,457
알,446
보이,443
생각,441
가지,407
말하,367
못하,351
오,341
만들,310
살,297
받,292
이루,287
시작,283
나타나,264
그렇,260
들,260
갖,240
지니,240
중요,225
가,224
사용,214
이렇,194
쓰,183
그러하,182
찾,176
위하,173
나오,163
필요,159
존재,157
어떻,157
내,153
얻,149
이르,148
가능,147
모르,140
말,139
지나,136
느끼,134
읽,131
버리,126
두,125
일어나,125
믿,124
알리,120
남,120
생기,112
설명,110
주장,110
관하,110
발견,110
이해,108
나가,107
오르,104
포함,104
부르,101
의하,101
나,96
따르,96
유지,96
발전,95
싶,93
다양,92
죽,90
떨어지,90
의미,90
만나,90
놓,89
나타내,86
밝히,85
내리,84
속하,84
계속,82
없,81
불리,81
먹,80
강조,80
파악,80
어떠하,76
등장,76
바라,73
제시,73
삼,73
증가,73
이용,71
형성,70
지키,70
사랑,70
맞,69
갖추,69
인정,69
세우,68
결정,68
표현,68
변화,66
여기,66
보내,66
비롯,65
살피,65
전하,65
구성,65
빠지,64
달리,64
차지,64
유명,62
취하,62
완전,61
관련,61
짓,60
발생,60
묻,59
요구,59
제공,59
잃,57
연구,57
듣,57
다루,57
드러나,56
받아들이,56
벗어나,55
서,54
입,54
마련,54
잇,54
해당,53
기록,53
미치,53
평가,52
만하,52
지적,52
끝나,51
변하,51
흐르,50
확인,50
해결,50
쓰이,49
통하,49
떠나,49
발표,49
돌,48
배우,48
상당,48
구별,48
일정,47
전개,47
그리,47
정하,46
당연,46
걷,46
규정,45
늘,45
제기,45
일,44
불가능,44
바꾸,43
움직이,43
수행,43
진정,42
아무렇,42
의심,42
좋아하,42
거대,42
지배,42
성립,42
단순,42
나누,42
분명,41
일으키,41
전달,41
그치,41
분석,41
진행,41
추구,40
피하,40
구분,40
잘못,40
다르,40
확실,40
연결,40
시도,40
옮기,40
돌리,39
사라지,39
넣,38
들어가,38
노력,38
넘,38
위대,38
힘들,38
기다리,38
남기,38
유일,38
인식,37
올리,37
구하,37
향하,37
극복,37
발달,37
강력,37
걸리,36
작용,36
지,36
확대,36
주요,36
동일,36
놓이,36
해석,36
행하,36
부정,35
다니,35
태어나,35
낳,35
기대,35
사,35
반영,35
적,35
추진,35
치,34
유사,34
당하,34
잊,34
겪,34
깨닫,34
잡,34
의존,33
예상,33
안되,33
앉,33
달,33
참여,33
불과,33
마시,32
감소,32
간주,32
막,32
비교,32
나서,32
듯,32
적용,32
담당,32
붙이,31
확립,31
벌,31
가르치,31
띠,31
상승,31
정의,31
지속,31
드러내,30
바뀌,30
주목,30
수용,30
상실,30
놀라,30
추정,30
맺,30
도달,30
복잡,30
고려,30
심각,30
확보,29
위치,29
지나치,29
걸치,29
검토,29
이끌,29
즐기,29
부여,29
원하,29
싸우,29
파괴,29
정리,29
선택,29
택하,29
동원,29
언급,29
끌,29
바치,29
뜻하,29
실현,28
타,28
반대,28
조사,28
판단,28
경험,28
견디,28
지내,28
거두,28
비슷,28
달하,28
정확,28
요청,28
도착,28
크,28
쉬,27
발휘,27
벌어지,27
바라보,27
거치,27
떠오르,27
끼치,27
초래,27
탄생,27
일치,27
전,27
이야기,26
던지,26
열리,26
열,26
풀,26
생산,26
지칭,26
다하,26
유리,26
개발,26
기술,26
분리,26
듯하,26
풍부,26
자라,25
죽이,25
높이,25
무시,25
기여,25
가리키,25
중시,24
관찰,24
가난,24
창조,24
가하,24
나아가,24
건강,23
돌아오,23
간단,23
차,23
웃,23
준비,23
증명,23
획득,23
성공,23
둘러싸,23
접근,23
약화,23
보장,22
이기,22
걸,22
부족,22
깨,22
채택,22
맡,22
마치,22
달성,22
완성,22
팔,22
팽창,22
내포,22
충분,22
수립,22
논의,22
밀접,22
대표,22
설치,22
회복,21
펴,21
포기,21
대답,21
담,21
돕,21
야기,21
기인,21
충족,21
누리,21
실패,21
그러,20
상상,20
보호,20
따뜻,20
인하,20
억제,20
높,20
젖,20
강화,20
처하,20
특별,20
틀리,20
들리,20
개최,20
실시,20
제거,19
짜,19
금지,19
일컫,19
집중,19
드리,19
밀리,19
다가오,19
붙,19
성장,19
새기,19
출발,19
통합,19
머물,19
만족,19
특정,19
채우,19
저지르,19
붕괴,19
제외,19
묘사,19
주도,19
정착,19
자명,19
이루어지,19
앞서,19
기르,18
띄,18
없애,18
대,18
실천,18
기억,18
장악,18
비판,18
모시,18
확신,18
비유,18
적절,18
수반,18
빚,18
영원,18
행복,18
명백,18
허용,18
특수,18
활동,18
지불,18
입증,17
씻,17
짐작,17
소개,17
출현,17
펼치,17
계시,17
품,17
흘리,17
참,17
독특,17
벌이,17
넘기,17
고치,17
맞추,17
중대,17
맞이하,17
닮,17
결합,17
통제,17
구축,17
발굴,17
파견,17
들이,16
성취,16
닦,16
바르,16
들어서,16
울,16
돌아가,16
이상,16
더하,16
생활,16
들어오,16
모이,16
상징,16
출판,16
전환,16
지향,16
건설,16
분류,16
매,16
퍼지,16
머무르,16
기초,16
가정,16
도입,16
증대,16
뛰,16
자리잡,16
실리,16
조달,16
감사,16
생성,16
노래,15
위험,15
편리,15
잡히,15
간직,15
권하,15
요약,15
왜곡,15
기울이,15
기도,15
방문,15
터지,15
헤아리,15
대립,15
전락,15
관계,15
맡기,15
특이,15
설정,15
모으,15
담기,15
솟,15
치르,15
내세우,15
거부,15
접하,15
통치,15
심화,15
유도,15
넘어서,15
제한,15
불,15
줄어들,15
유래,15
모색,15
행동,14
얘기,14
대단,14
날,14
좋,14
보급,14
묻히,14
계산,14
베풀,14
줄,14
넘치,14
귀중,14
멈추,14
운영,14
계승,14
신성,14
확산,14
허락,14
선호,14
일깨우,14
측정,14
예측,14
막대,14
상이,14
적합,14
직면,13
떠올리,13
중요시,13
쌓,13
되찾,13
가꾸,13
뿌리,13
주의,13
흡수,13
중단,13
끊,13
충실,13
선언,13
가리,13
키우,13
애쓰,13
활용,13
벗,13
외치,13
몰리,13
결혼,13
싫어하,13
대응,13
정립,13
구체화,13
광범위,13
익히,13
한정,13
숨기,13
치열,13
멀,13
따지,13
타락,13
배제,13
부합,13
시사,13
안,13
설립,13
꾸미,13
서술,13
투자,13
안정,13
급격,13
낮,13
예언,13
복속,13
연장,12
뜻,12
자연,12
어긋나,12
훌륭,12
조성,12
확정,12
주되,12
소유,12
완벽,12
쏟,12
아끼,12
감추,12
놓치,12
살리,12
꾸,12
근거,12
아니하,12
옹호,12
행사,12
초월,12
뚜렷,12
맛보,12
곤란,12
참석,12
공격,12
피,12
독립,12
진출,12
약속,12
걱정,12
지우,12
탐구,12
찍,12
종사,12
포괄,12
예견,12
작동,12
매입,12
처리,12
도산,12
관측,12
통일,11
재배,11
대항,11
떼,11
마르,11
심,11
빛나,11
공부,11
망하,11
상하,11
강요,11
자랑,11
굳히,11
쳐다보,11
노리,11
지지,11
비롯하,11
간과,11
격렬,11
평범,11
체험,11
시키,11
잘하,11
같,11
고정,11
깔,11
팔리,11
고통,11
의도,11
제작,11
우세,11
뜨,11
씌,11
인용,11
순수,11
되돌,11
존속,11
등용,11
무관,11
화려,11
부담,11
꼽히,11
지정,11
물,11
차단,11
해체,11
형상화,11
유용,11
보존,11
정지,11
신,11
시행,11
부리,10
대체,10
풀리,10
말리,10
지치,10
확장,10
누르,10
건조,10
두드리,10
앓,10
유의,10
취급,10
대비,10
갚,10
끼,10
달라지,10
다스리,10
휩싸이,10
비치,10
범하,10
희생,10
이룩하,10
빼앗,10
닿,10
암시,10
명확,10
어찌하,10
해소,10
힘쓰,10
논하,10
면하,10
결여,10
인도,10
불행,10
과시,10
두려워하,10
날리,10
촉진,10
대두,10
호소,10
우월,10
분포,10
소비,10
탁월,10
자유,10
창출,10
연관,10
체계화,10
피우,10
임명,10
연상,10
강,10
신비,10
엮,10
발행,10
고하,10
안기,10
방지,10
위협,10
공급,10
전망,10
참가,10
발간,10
밝,10
재,10
부상,10
가르,9
불안정,9
현명,9
기울,9
묵,9
섞,9
적당,9
함유,9
줄이,9
빠뜨리,9
녹,9
분산,9
눕,9
견지,9
자,9
꿈꾸,9
불필요,9
반복,9
강하,9
떨,9
아니,9
성숙,9
갇히,9
쥐,9
조직,9
뒤지,9
무의미,9
자세,9
선행,9
신뢰,9
시청,9
구입,9
닥치,9
잠들,9
뽑,9
살해,9
다다르,9
고립,9
일삼,9
양보,9
일하,9
돌보,9
흔들리,9
소망,9
타당,9
나뉘,9
진전,9
주력,9
수록,9
흥미,9
활성화,9
전파,9
싣,9
억압,9
군림,9
조장,9
상응,9
활발,9
가속화,9
복종,9
조절,9
납부,9
늘리,9
표시,9
정당,9
숨,9
집착,9
악화,9
거론,9
규명,9
지급,9
광대,9
출토,9
시험,9
반박,9
사고,9
묶,8
섭취,8
두말,8
어울리,8
유행,8
빼,8
얹,8
섞이,8
개선,8
끊이,8
막히,8
쌓이,8
치료,8
흔들,8
저항,8
쏘,8
관리,8
폭등,8
조심,8
무한,8
우수,8
공존,8
접촉,8
비추,8
불안,8
뒤떨어지,8
파,8
고생,8
차리,8
싹트,8
분열,8
종합,8
규제,8
철저,8
일관,8
입각,8
보완,8
잠기,8
도망치,8
빌리,8
쫓기,8
우연,8
좌우,8
굳,8
가중,8
구현,8
몰,8
동의,8
뒷받침,8
재현,8
대치,8
적응,8
변모,8
상정,8
검증,8
동등,8
종속,8
제출,8
축적,8
완화,8
노출,8
근접,8
가깝,8
쇠퇴,8
편입,8
번역,8
해명,8
버티,8
수입,8
거듭하,8
국한,8
연출,8
저하,8
두드러지,8
감안,8
무너지,8
어렵,8
부과,8
제안,8
결집,8
중계,8
싶어하,8
희미,8
자극,8
조직화,8
되풀이,8
허물,8
실증,8
위시,8
저명,8
발명,8
꼽,8
내보내,8
창건,8
물리치,8
민감,7
내려오,7
제창,7
갈,7
문지르,7
벗기,7
자르,7
되돌리,7
담그,7
금하,7
대신,7
낫,7
운동,7
공개,7
소멸,7
상호,7
이바지,7
낭비,7
거절,7
당황,7
익숙,7
놀,7
불편,7
깔리,7
뜨겁,7
감당,7
엎드리,7
가져오,7
밟,7
흥분,7
불러일으키,7
엄밀,7
공통,7
유발,7
향상,7
얽히,7
위축,7
어기,7
흩어지,7
끝내,7
빠져들,7
고민,7
점유,7
떨치,7
속이,7
무방,7
확고,7
불순,7
간파,7
그릇되,7
양성,7
부탁,7
멸망,7
공헌,7
시정,7
이룩되,7
애매,7
박히,7
나열,7
드리우,7
내재,7
지출,7
함축,7
엄격,7
추적,7
포착,7
덧붙이,7
쫓,7
부활,7
지탱,7
정비,7
당부,7
비난,7
대처,7
타개,7
향유,7
실망,7
선량,7
풀이,7
하락,7
매각,7
충당,7
상회,7
소요,7
감지,7
건너가,7
독점,7
점령,7
사망,7
모순,7
부응,7
역설,7
비옥,7
접어들,7
예고,7
덮,7
능가,7
가입,7
전시,7
소중,7
괴롭히,7
정복,7
극심,7
적히,7
변환,7
개,6
마사지,6
손상,6
배설,6
잠자,6
고르,6
굽히,6
사멸,6
감퇴,6
구제,6
먹이,6
배출,6
식별,6
기묘,6
부딪치,6
보충,6
현존,6
기뻐하,6
건너,6
따,6
충성,6
지르,6
챙기,6
입학,6
하사,6
알아차리,6
뒤따르,6
바로잡,6
들이닥치,6
개방,6
몰두,6
전제,6
결속,6
고도화,6
강구,6
개입,6
떨어뜨리,6
살아남,6
한가,6
내놓,6
다듬,6
영위,6
조화,6
의지,6
체결,6
충돌,6
깨뜨리,6
개혁,6
도사리,6
무관심,6
가로막,6
불완전,6
지양,6
지대,6
재생,6
건전,6
유효,6
겹치,6
결정짓,6
상통,6
다행,6
기거,6
미루,6
폐지,6
전화,6
강제,6
달리하,6
성사,6
불가피,6
패배,6
처형,6
고수,6
용서,6
빌,6
들려주,6
찬양,6
문제,6
열악,6
숭배,6
감행,6
막강,6
주어지,6
선,6
마음먹,6
재연,6
폭락,6
그만두,6
축소,6
방치,6
이주,6
건네,6
지원,6
보도,6
표출,6
방영,6
둘러싸이,6
진지,6
재건,6
엿보,6
거느리,6
발산,6
거주,6
미세,6
전송,6
반응,6
집필,6
활약,6
인정받,6
준하,6
전공,6
취약,6
압도,6
침투,6
울리,6
돌입,6
황당,6
오가,6
합의,6
부서지,6
면회오,6
충만,6
편안,6
부각,6
진입,6
떠들,6
정당화,6
선출,6
굉장,6
시달리,5
넓히,5
원숙,5
식히,5
손꼽,5
치솟,5
맞서,5
주저,5
스미,5
끓이,5
망가뜨리,5
뛰어나,5
붓,5
분해,5
통과,5
굽,5
닫히,5
낮추,5
가라앉,5
회전,5
가볍,5
빼앗기,5
압축,5
분배,5
수집,5
육성,5
취소,5
수리,5
환원,5
건드리,5
부인,5
속,5
늙,5
늘어나,5
미워하,5
더듬,5
트이,5
맹세,5
싸이,5
뚫,5
식,5
일어서,5
탈바꿈,5
줍,5
유익,5
이룩,5
평등,5
교육,5
변형,5
창작,5
무르익,5
비롯되,5
괴리,5
구속,5
터득,5
같이하,5
실행,5
마주치,5
꺼내,5
좌절,5
심오,5
꾀,5
굴복,5
불어넣,5
꽂,5
도모,5
찌르,5
유한,5
예정,5
풍기,5
갈망,5
관철,5
굶주리,5
자처,5
합리화,5
정직,5
돋보이,5
납득,5
털,5
감탄,5
명령,5
파생,5
겸하,5
풍미,5
출간,5
재구성,5
책임지,5
패하,5
열중,5
궁금,5
추가,5
대변,5
상술,5
마땅,5
비례,5
감수,5
투쟁,5
경고,5
출범,5
관여,5
각별,5
고조,5
과도,5
수놓,5
은거,5
도래,5
등록,5
다투,5
빈번,5
가담,5
착,5
바람직,5
견주,5
담백,5
치유,5
불가사의,5
흐리,5
과장,5
결심,5
제의,5
보유,5
왕성,5
불가결,5
자행,5
상세,5
투입,5
지연,5
불확실,5
단순화,5
본격화,5
포위,5
타고나,5
달아나,5
모,5
귀환,5
참신,5
훼손,5
무력,5
고찰,5
엿보이,5
탈피,5
단절,5
표명,5
시급,5
끌어들이,5
깜짝하,5
착륙,5
의식화,5
도출,5
내몰,5
산재,5
검출,5
소급,5
가미,5
이행,5
판명,5
봉사,5
내걸,5
초대,5
귀국,5
실감,5
부풀,5
봉안,5
복원,5
여행,5
회수,5
가로지르,5
정교,5
격파,5
장식,5
중지,5
착수,5
양분,5
고용,5
뭉치,5
불길,5
긋,5
메우,5
흡사,5
보장받,5
정체,5
위,5
소속,5
유혹,5
가열,5
구부러지,5
튼튼,4
자문,4
예방,4
찧,4
나쁘,4
화끈거리,4
거칠,4
씌우,4
헹구,4
스며들,4
되살,4
촉촉,4
복용,4
뻗,4
알려지,4
시원,4
날아들,4
대접,4
출생,4
산출,4
제어,4
먹히,4
동경,4
헤어지,4
끄덕이,4
광활,4
허술,4
세,4
가공,4
돋,4
안전,4
인쇄,4
부드럽,4
내버리,4
많,4
끌리,4
후회,4
변질,4
상쾌,4
토하,4
깃들,4
들뜨,4
고이,4
꺼리,4
경영,4
보관,4
타오르,4
괴로워하,4
좁히,4
분간,4
쓰러지,4
저버리,4
용납,4
안내,4
감,4
나무라,4
집어넣,4
터뜨리,4
촉발,4
진압,4
상반,4
진화,4
수정,4
동화,4
긴밀,4
망각,4
공유,4
동조,4
소외,4
치닫,4
거듭,4
개량,4
지루,4
독서,4
해방,4
흘러내리,4
멀리하,4
찾아내,4
감상,4
임하,4
가득,4
배열,4
숨쉬,4
경계,4
다그치,4
읽히,4
비하,4
들르,4
경쟁,4
패망,4
찬란,4
승리,4
때리,4
체포,4
추앙,4
경건,4
응시,4
개척,4
단언,4
단정,4
그만하,4
거창,4
원대,4
현혹,4
트,4
망설이,4
헤매,4
열망,4
존경,4
번영,4
주관,4
병들,4
염려,4
진실,4
사로잡히,4
산화,4
관통,4
고백,4
진술,4
혼동,4
공감,4
순전,4
생략,4
완결,4
유추,4
고집,4
뿜,4
기,4
조명,4
내밀,4
잊히,4
의식,4
어쩌,4
연속,4
할애,4
불평등,4
양립,4
예속,4
공인,4
교차,4
개진,4
막중,4
엄연,4
거스르,4
환기,4
고독,4
성행,4
접목,4
인지,4
평화,4
비참,4
섬기,4
무분별,4
약하,4
표방,4
격하,4
존중,4
점철,4
창설,4
안치,4
지고,4
유념,4
되살리,4
재미,4
절실,4
소박,4
갈라,4
판이,4
흔,4
둔갑,4
입금,4
거래,4
닫,4
돌파,4
연루,4
부추기,4
둔화,4
완료,4
부적절,4
저해,4
전념,4
뛰어오르,4
혐오,4
공표,4
데려가,4
질주,4
뒤덮,4
습격,4
탈출,4
나돌,4
퍼붓,4
분쇄,4
물러나,4
와해,4
오염,4
복귀,4
사악,4
매개,4
매달리,4
명시,4
부재,4
치밀,4
침체,4
현상,4
고양,4
세밀,4
다양화,4
고갈,4
분출,4
현실화,4
연계,4
보강,4
사색,4
가속,4
들어맞,4
토론,4
첨가,4
과격,4
계획,4
유보,4
수호,4
되새기,4
주재,4
격분,4
희귀,4
신선,4
부당,4
집약,4
참고,4
경멸,4
고유,4
비비,4
널,4
인접,4
이동,4
유입,4
미소,4
맞이,4
칭하,4
당도,4
모호,4
범주화,4
경시,4
붙잡,4
은폐,4
번지,4
난사,4
훈련,4
당황하,4
집계,4
선물,4
말씀,4
협의,4
희망,4
재촉,4
늦,4
삼키,4
건립,4
배치,4
우람,4
웅장,4
흩,4
작성,4
쓸쓸,4
거르,4
불쌍,4
조용,4
투명,4
저장,4
인상,4
잇따르,4
통용,4
용이,4
자리,4
용인,4
부유,4
번성,4
비기,4
실수,4
망명,4
약탈,4
결부,4
무지,4
투항,4
지휘,4
입지,4
멎,4
부딪히,4
공정,4
기능,4
방출,4
불어나,4
명하,4
춤추,4
염색,4
얼,4
추,4
수축,4
일소,3
살아가,3
꿰뚫,3
천박,3
명심,3
월등,3
물리,3
경합,3
일그러지,3
모자라,3
사들이,3
목격,3
친숙,3
발사,3
편중,3
요리,3
으뜸가,3
피곤,3
싱싱,3
새,3
우러나,3
대담,3
합치,3
샴푸,3
적시,3
혼합,3
칙칙,3
해독,3
위장,3
생존,3
번식,3
밀어붙이,3
절단,3
퇴치,3
살펴보,3
진단,3
편찬,3
특유,3
상속,3
찾아보,3
지나가,3
선사,3
앞당기,3
슬퍼하,3
녹이,3
뚫리,3
수치,3
깨끗,3
부지런,3
살찌,3
긴장,3
정돈,3
채색,3
내려가,3
명랑,3
찌,3
반사,3
속삭이,3
얌전,3
싫,3
붉,3
우려,3
찾아오,3
돌아보,3
베,3
잘되,3
반성,3
절감,3
휘두르,3
깎,3
안심,3
뒤쫓,3
듯싶,3
내다보,3
가두,3
불러내,3
결성,3
몰입,3
갈구,3
회피,3
마다하,3
평가받,3
진보,3
개관,3
답습,3
위반,3
대상화,3
딸리,3
빠르,3
음미,3
긍정,3
쏟아지,3
내던지,3
얹히,3
들여보내,3
깊,3
칠,3
생생,3
급증,3
감동,3
영속,3
궁벽,3
유능,3
쳐들,3
유학,3
왕래,3
비웃,3
운행,3
마지않,3
미개,3
명예,3
무리,3
친근,3
밀착,3
들여다보,3
부패,3
추출,3
병존,3
성실,3
옳,3
협력,3
병행,3
승낙,3
고심,3
추락,3
착각,3
치루,3
만연,3
낙선,3
당선,3
신음,3
심판,3
경악,3
사로잡,3
연주,3
익,3
앞장서,3
더럽히,3
숱,3
치중,3
허,3
해설,3
재창조,3
응용,3
귀착,3
외면,3
대면,3
소생,3
선정,3
상대,3
휩쓸,3
조망,3
문제되,3
절묘,3
스치,3
신봉,3
석권,3
한하,3
신앙,3
단일,3
애기,3
일사불란,3
타도,3
예시,3
보증,3
긴급,3
실재,3
단행,3
구상,3
손꼽히,3
방대,3
선포,3
안주,3
동반,3
배반,3
고귀,3
불타,3
분별,3
귀의,3
동참,3
순종,3
쇠잔,3
표면화,3
폐쇄,3
전담,3
반발,3
풍요,3
뻔,3
내려다보,3
잔잔,3
기피,3
고결,3
악,3
선명,3
근사,3
되뇌,3
외우,3
놀리,3
거리끼,3
교체,3
이러저러하,3
굴리,3
흘러들,3
변동,3
보류,3
호가,3
판매,3
능숙,3
건지,3
늘어놓,3
걷잡,3
합격,3
초조,3
게재,3
경유,3
운용,3
명명,3
재발,3
냉각,3
낙후,3
조정,3
건의,3
유통,3
매장,3
환전,3
우매,3
작정,3
키,3
평온,3
훔치,3
폭로,3
대행,3
개시,3
들이대,3
결의,3
입수,3
점증,3
에워싸,3
솔직,3
망치,3
저지,3
늘어서,3
온당,3
주체화,3
긴요,3
포용,3
정밀,3
추상화,3
재단,3
일반화,3
탐사,3
소통,3
평평,3
격화,3
도피,3
혼란,3
상업화,3
강타,3
뒤덮이,3
상존,3
정형화,3
부여받,3
전지전능,3
조작,3
애용,3
개재,3
파급,3
배정,3
개념화,3
이러,3
타계,3
기하,3
곁들이,3
승화,3
승복,3
귀속,3
침윤,3
이수,3
꾀하,3
직결,3
다지,3
표하,3
현란,3
받치,3
출입,3
기용,3
평정,3
상충,3
잠복,3
방불,3
무자비,3
잔혹,3
절명,3
잔인,3
요새화,3
위태,3
견고,3
비열,3
죄,3
처넣,3
움켜쥐,3
난무,3
급속,3
순진,3
혹독,3
수여,3
질문,3
동일시,3
서두르,3
태우,3
강행,3
억류,3
초청,3
수교,3
찬성,3
단교,3
초창,3
널리,3
보수,3
중건,3
중창,3
이름나,3
신속,3
저물,3
허전,3
단축,3
참담,3
축복,3
수감,3
눈뜨,3
부식,3
무수,3
잉태,3
창안,3
지목,3
공략,3
합세,3
뛰어들,3
괄목,3
잦,3
거두어들이,3
수렴,3
무르,3
앞지르,3
이완,3
이식,3
달래,3
늦추,3
완강,3
소실,3
철수,3
서명,3
주저앉,3
묶이,3
논증,3
불합리,3
격리,3
임용,3
경작,3
축출,3
전술,3
경주,3
숙성,3
수령,3
결제,3
환영,3
철학하,3
방해,3
논쟁,3
열렬,3
난해,3
틀림없,3
생각하,3
집요,3
힘입,3
예민,3
정벌,3
출가,3
봉쇄,3
수락,3
운반,3
위조,3
지껄이,3
향,3
숭고,3
생겨나,3
부가,3
배분,3
침입,3
저주,3
출품,3
송신,3
잣,3
틀림,3
입멸,3
재위,3
권장,3
분담,3
징발,3
확증,3
우쭐대,2
젓,2
넘보,2
직시,2
올라가,2
돋아나,2
건너오,2
엄습,2
대별,2
끄,2
패팅,2
으깨,2
썰,2
마무리,2
목욕,2
처지,2
세안,2
세수,2
찜질,2
딱딱,2
데우,2
합성,2
백해무익,2
튀기,2
뻗치,2
전염,2
심하,2
처방,2
깨지,2
주입,2
부자연,2
광막,2
연유,2
대조,2
내쉬,2
누,2
사소,2
근소,2
들어올리,2
길쭉,2
부러지,2
작,2
기재,2
상주,2
합하,2
마비,2
모여들,2
꺾이,2
운전,2
얼어붙,2
흉보,2
무기력,2
뱉,2
깎이,2
눈치채,2
순결,2
망가지,2
사랑받,2
칭찬,2
풍성,2
드러눕,2
예약,2
돌아다니,2
싸,2
남짓,2
저러,2
미안,2
덜,2
덤비,2
올라오,2
무심,2
매달,2
파면,2
오해,2
꽂히,2
박,2
내주,2
깨물,2
펄럭이,2
명,2
웃기,2
비,2
만지,2
애원,2
찾아가,2
잡아들이,2
연발,2
진학,2
예찬,2
소화,2
교정,2
통찰,2
폐기,2
진력,2
초빙,2
견제,2
재개,2
분화,2
특징짓,2
속박,2
간추리,2
찍히,2
주리,2
읽어내리,2
대결,2
시대,2
선전,2
머뭇거리,2
되돌아보,2
해내,2
휩쓸리,2
비우,2
찢,2
허비,2
달라붙,2
추천,2
씌어지,2
상관,2
허덕이,2
탐,2
넘어가,2
충고,2
떠돌,2
글쓰,2
뛰어넘,2
비아냥거리,2
신중,2
오래,2
간악,2
아,2
정연,2
순사,2
밑받침,2
형언,2
안일,2
중차대,2
무능,2
요망,2
북돋,2
긁,2
평속,2
유연,2
인간,2
거역,2
타협,2
잡아먹,2
추방,2
변혁,2
생각나,2
무식,2
부르짖,2
기권,2
자살,2
남발,2
투표,2
합당,2
자초,2
도리,2
자부,2
항해,2
추수,2
무책임,2
모여살,2
험악,2
거듭나,2
뛰어놀,2
사람,2
창피,2
어찌,2
매도,2
짜이,2
알아듣,2
변경,2
비평,2
연역,2
파묻히,2
퇴조,2
발하,2
묵묵,2
현저,2
희구,2
메마르,2
복개,2
요하,2
꾸리,2
뽐내,2
간교,2
뒤돌,2
간편,2
둘리,2
간절,2
누비,2
연명,2
제패,2
인터뷰,2
수긍,2
조응,2
제약,2
총괄,2
항쟁,2
조악,2
가름,2
돌려받,2
기생,2
개조,2
파기,2
화하,2
버림받,2
매이,2
심취,2
밀려나,2
불리우,2
총칭,2
중첩,2
간구,2
예비,2
승천,2
역사,2
함께,2
속량,2
솟구치,2
처참,2
거룩,2
증거,2
기복화,2
당혹,2
연연,2
절제,2
가세,2
웅변,2
자만,2
꽃피우,2
교화,2
전수,2
무상,2
영구,2
가르키,2
양극화,2
추대,2
백지화,2
나뉘어지,2
암살,2
순교,2
급성장,2
태동,2
표상,2
돌아다닐,2
캐,2
끔찍,2
악독,2
결론짓,2
의젓,2
자상,2
어정쩡,2
말쑥,2
아슬아슬,2
입히,2
유쾌,2
귀,2
내치,2
심심,2
삭막,2
몰아붙이,2
자라나,2
고안,2
내장,2
비오,2
억울,2
음흉,2
인색,2
비축,2
골몰,2
다가서,2
자신,2
누설,2
도청,2
공매,2
채용,2
출근,2
예금,2
주문,2
밑돌,2
저금,2
감내,2
숨막히,2
되사들이,2
문의,2
집,2
유망,2
뛰어다니,2
저축,2
튀어오르,2
상장,2
부풀리,2
역전,2
손실,2
의문시,2
귀결,2
미묘,2
심사,2
자제,2
격감,2
만회,2
게속,2
우선,2
전가,2
동결,2
개역,2
근면,2
집행,2
양호,2
균등,2
균등화,2
판정,2
반입,2
개정,2
채취,2
침묵,2
발급,2
들이키,2
심상,2
단호,2
사살,2
공포,2
떨리,2
직감,2
곤두세우,2
돌진,2
방어,2
야위,2
뻔하,2
운집,2
재편,2
촉구,2
해산,2
만개,2
하소연,2
봉착,2
진열,2
물들,2
부단,2
결과,2
습득,2
생경,2
학습,2
희석,2
천착,2
미흡,2
매몰,2
과소평가,2
당면,2
예기,2
언명,2
고발,2
체득,2
형상,2
검증받,2
발랄,2
현현,2
과중,2
온전,2
뒤바뀌,2
길들이,2
빈약,2
개막,2
매기,2
참전,2
침략,2
발발,2
갈팡질팡하,2
합류,2
몰살,2
상환,2
쾌적,2
안락,2
이끌리,2
중복,2
모집,2
감싸,2
침식,2
밀어닥치,2
날아오르,2
열등,2
무너뜨리,2
물화,2
기이,2
제도화,2
우선시,2
총체화,2
관람,2
정향,2
방송,2
끌어당기,2
발췌,2
참작,2
보여주,2
빗나가,2
현재화,2
신장,2
투신,2
꿈틀대,2
헤어나,2
설파,2
고고,2
깨치,2
펴내,2
듬직,2
일신,2
과,2
굴하,2
응하,2
축하,2
서슴,2
기리,2
위배,2
전이,2
통곡,2
장가들,2
타결,2
부수,2
읊,2
시인,2
못되,2
간행,2
빼어나,2
추측,2
삭히,2
거처,2
협소,2
말씀드리,2
상륙,2
건재,2
물려주,2
응답,2
유구,2
방황,2
고정불변,2
그릇,2
발화,2
이르르,2
가혹,2
몰아넣,2
배신,2
질리,2
앞두,2
해치우,2
용맹,2
감금,2
튀,2
자수,2
판치,2
겁나,2
불우,2
소문나,2
제지,2
할복,2
탈취,2
승진,2
침몰,2
뒤집,2
뒤흔들,2
과신,2
전수받,2
금기시,2
유의미,2
가설,2
사냥,2
포장,2
사육,2
성급,2
몰려가,2
한적,2
안절부절,2
졸이,2
내려서,2
드나들,2
울창,2
중수,2
서식,2
보고,2
찾아들,2
네모나,2
개축,2
데려오,2
꼬이,2
답변,2
애매모호,2
파고들,2
차분,2
전달받,2
돌아서,2
메이,2
소모,2
돌이키,2
애틋,2
춥,2
분주,2
맴돌,2
편향,2
말려들,2
전진,2
끓어오르,2
탐독,2
담담,2
어둡,2
순장,2
꿈틀거리,2
침울,2
도망가,2
저리,2
번쩍이,2
채집,2
웅대,2
강성,2
생매장,2
즉위,2
포악,2
단단,2
무장,2
치우치,2
불변,2
심원,2
축조,2
차출,2
강렬,2
임박,2
폭발,2
미미,2
하강,2
부진,2
휘말리,2
재임,2
입문,2
팽배,2
우왕좌왕,2
무기,2
부양,2
비상,2
강경,2
면밀,2
실토,2
퇴임,2
깨우치,2
이전,2
독려,2
급변,2
의미심장,2
숙련,2
성찰,2
불요불급,2
황폐화,2
끼이,2
표류,2
배양,2
대등,2
교란,2
영합,2
번창,2
형식화,2
온건,2
수습,2
신통,2
집권,2
완만,2
짓누르,2
흥왕,2
무겁,2
헤치,2
매끈,2
삐,2
납작,2
경사지,2
디디,2
껴입,2
갈아입,2
쓸,2
칠하,2
조난,2
불충분,2
회귀,2
장려,2
특기,2
강대,2
휴대,2
톡특,2
융통,2
초과,2
평행,2
면도,2
도주,2
당연시,2
지각,2
설득,2
석방,2
기소,2
따라잡,2
둘러보,2
끄집,2
조종,2
구애,2
데리,2
조르,2
맏기,2
연결짓,2
절박,2
숙청,2
근절,2
몰락,2
제조,2
발효,2
격퇴,2
항복,2
토벌,2
추산,2
소집,2
서진,2
패퇴,2
진격,2
압박,2
반증,2
양육,2
물려받,2
멸,2
편성,2
혼재,2
급부상,2
급진전,2
하이테크화,2
저렴,2
절약,2
회유,2
냉정,2
습성화,2
저렇,2
친밀,2
회고,2
쓸모있,2
발설,2
도도,2
척,2
소리치,2
잠수,2
취급받,2
탐탁,2
쪼개,2
교착,2
종결,2
상호경쟁,2
규정짓,2
포교,2
끈끈,2
분부,2
떠다니,2
괴,2
반하,2
덮이,2
재회,2
가득차,2
원망,2
용서빌,2
시집가,2
기념,2
식사,2
철거,2
선보이,2
기계,2
만들어지,2
휘,2
끓,2
법,2
매크로,2
커지,2
보내지,2
접속,2
색칠,2
물들이,2
정제,2
조제,2
단단하,2
습,2
유치,2
강의,2
반짝이,2
확연,2
불친절,2
피로,2
기어오르,2
얽매이,2
들먹이,2
편,2
건축,2
성,2
팔러다니,2
수취,2
징집,2
고상,2
세련,2
모독,2
곡해,2
통괄,2
무모,2
생소,2
굴러내리,2
튕기,2
가리우,2
혁신,2
변위,2
정비례,2
회상,2
안온,2
짜맞추,2
그럴싸,2
황홀,2
체념,2
촬영,2
순치,1
우거지,1
행세,1
본받,1
난폭,1
틀어막,1
지당,1
거들먹거리,1
기민,1
올바르,1
멀리,1
해먹,1
상용,1
족하,1
빨려들어가,1
스러지,1
쭈그러들,1
무치,1
짖,1
뒷걸음질치,1
활달,1
쐬,1
뭉근,1
덥,1
밭치,1
볶,1
덥히,1
끈적거리,1
저미,1
절이,1
분비,1
굶,1
비대,1
유전,1
도포,1
얼음찜질,1
웬만,1
화농,1
뽀족,1
삶,1
결투,1
원운동,1
튀어나가,1
엎어지,1
차이나,1
찌그러뜨리,1
두들기,1
뛰어오,1
짜르,1
짤리,1
자체,1
순응,1
끄집어내,1
재생성,1
계량,1
문제시,1
무궁무진,1
빗발치,1
보답,1
화답,1
씨름,1
푸르,1
보태,1
내디디,1
좋아지,1
놀러가,1
꺼림직,1
황폐,1
엉클,1
떠내려가,1
빚지,1
학대,1
구비,1
게으르,1
누추,1
간,1
두텁,1
고마워하,1
몰상식,1
상심,1
공경,1
끌려가,1
퇴보,1
예기하,1
싸매,1
더럽,1
허둥대,1
달려가,1
옥신각신,1
푸,1
뒤따라오,1
갖다주,1
작곡,1
고풍,1
알아보,1
연애,1
굶기,1
작별,1
틀,1
달갑,1
꼬집,1
금도금,1
대동,1
내쫓,1
내리찌르,1
외출,1
내두르,1
찡그리,1
퇴궐,1
얼싸안,1
붙들리,1
어쩌하,1
안타까워하,1
끌려오,1
손가락질,1
자백,1
교만,1
깨나,1
보아주,1
낙심,1
타진,1
탄원,1
잠재우,1
차오르,1
빠져나오,1
구수,1
동그렇,1
가닿,1
구르,1
갓나,1
이장,1
다녀오,1
나뒹굴,1
근심,1
캐물,1
실직,1
의기,1
이송,1
날아오,1
유창,1
일구,1
숙달,1
자료화,1
중퇴,1
상정하,1
선행하,1
고립된,1
무색,1
반립,1
도래하,1
저해하,1
최소,1
외재,1
피력,1
독실,1
매재,1
동기화,1
세속화,1
관료주의,1
하달,1
객관화,1
초,1
과제,1
여겨지,1
페기,1
배가하,1
짜증,1
그러싸하,1
베끼,1
풍요롭,1
길르,1
산만,1
로맨틱,1
드높이,1
삼가,1
애독서,1
부적당,1
뒤적이,1
값,1
재독,1
위해서,1
쌓아두,1
세세,1
켜,1
순서,1
대화,1
험난,1
메모,1
에,1
불허,1
괴상,1
항변,1
쾌락,1
갈기,1
글쟁이,1
훑,1
악서,1
양서,1
병합,1
동요,1
용해,1
흥성,1
광복,1
불평,1
장렬,1
뉘우치,1
순국,1
총명,1
유조,1
욕되,1
영화,1
장원,1
끝마치,1
목도,1
굳건,1
투철,1
품유,1
빼어들,1
확고부동,1
안도,1
출중,1
졸렬,1
몸부림치,1
참투,1
아첨,1
혼탁,1
마스터,1
우활,1
진작,1
비범,1
토로,1
기괴,1
무용,1
옹졸,1
애곡,1
대성,1
나붙,1
파렴치,1
끼여들,1
앞세우,1
척결,1
냄새나,1
개운,1
친애,1
흐지부지,1
토색,1
썩,1
망망,1
설키,1
적극,1
기만,1
깔보,1
뜸하,1
오인,1
흘러넘치,1
신령,1
여미,1
깨어나,1
곤고,1
우글거리,1
노여워하,1
향기,1
선교,1
깨우,1
청종,1
지혜,1
완고,1
증언,1
입법,1
간음,1
탐내,1
논술,1
재구조,1
논,1
아쉽,1
주안,1
나포,1
일부,1
작업,1
고증,1
탈락,1
나풀거리,1
멀둥,1
손질,1
잘못하,1
존립,1
범벅,1
든든하,1
흔들거리,1
답답하,1
가물,1
쉽,1
발로,1
고명,1
共涌되,1
나부끼,1
무질서,1
젖히,1
범람,1
단장,1
아름답,1
이웃,1
탄복,1
의심하,1
용감,1
옮겨다니,1
비릿,1
불투명,1
피나,1
아리송,1
막연,1
북상,1
됨직,1
견강부회,1
승격,1
화해,1
재생산,1
되돌아가,1
체현,1
도외시,1
편식,1
다기,1
절단내,1
뿌리뽑,1
근본,1
조우,1
담보,1
가장,1
방기,1
눈감,1
기반,1
과대,1
면담,1
만,1
입다물,1
우기,1
구조화,1
솟아오르,1
건정,1
캐내,1
연모,1
내면화,1
덮히,1
실명,1
주시,1
의거,1
관류,1
정죄,1
사물화,1
전문화,1
개괄,1
고전화,1
투영,1
은혜,1
짊,1
전도,1
청산,1
강림,1
방종,1
정당시,1
만사,1
낭패,1
재림,1
내리치,1
구원,1
원수,1
거하,1
중생하,1
흐트러지,1
산업화,1
가진,1
겸손,1
업신여기,1
집단,1
퇴색,1
헌신,1
열반,1
회통,1
재편성,1
고매,1
흥기,1
합법,1
선양,1
재판,1
각성,1
영원불면,1
중흥,1
성불,1
건국,1
돈독,1
평성,1
가로놓이,1
유시,1
제안하,1
폐허화,1
명실상부,1
집전,1
참배,1
월남,1
심부름,1
야단맞,1
여쭈,1
깃들이,1
묵히,1
지순,1
소름끼치,1
청아,1
구원받,1
받들,1
야릇,1
그늘지,1
직진,1
뜻있,1
순박,1
난만,1
부러워하,1
안이,1
단출,1
매만지,1
달콤,1
흥미롭,1
진하,1
흥미진진,1
넉넉,1
명료,1
기꺼워하,1
널뛰,1
도맡,1
움트,1
화사,1
짐지우,1
삼분,1
딱,1
어중간,1
엎치락뒤치락하,1
짝짓,1
우아,1
무서워하,1
괴이,1
지녔,1
개성화,1
노숙,1
이상화,1
예를들,1
뒤처지,1
충직,1
감미,1
벌어들이,1
황당무계,1
노련,1
정산,1
상담,1
수출,1
믿기,1
독,1
가다듬,1
변색,1
억척,1
알쏭달쏭,1
답례,1
올라서,1
처분,1
턱걸이,1
놀러오,1
달려들,1
반신반의,1
거덜나,1
청,1
떼이,1
날라가,1
납입,1
급등,1
입주,1
자유화,1
대동소이,1
타파,1
임대,1
적정화,1
과정,1
판별,1
파산,1
이탈,1
검소,1
할인,1
누적,1
유출,1
대출,1
행진,1
인수,1
치달,1
제정,1
아이러니컬,1
비화,1
구가,1
매매,1
달아오르,1
돌연,1
대꾸,1
끌어올리,1
누그러뜨리,1
통고,1
연하,1
사절,1
중심,1
대기,1
생방송,1
당돌,1
훌쩍거리,1
떨어놓,1
낭독,1
끌어내리,1
코닿,1
뒤바꾸,1
싸움,1
무고,1
겨누,1
추인,1
만류,1
동승,1
초췌,1
말라빠지,1
정상화,1
무성,1
빼돌리,1
윽박지르,1
극진,1
구태의연,1
기절초풍,1
경청,1
전전긍긍,1
뜯기,1
얼룩지,1
써갈기,1
취재,1
편집,1
부화뇌동,1
알아채,1
평,1
질투,1
온존,1
휴지화,1
좀먹,1
미적거리,1
어찌되,1
까딱하,1
신임,1
도살,1
박탈,1
입안,1
쟁취,1
읊조리,1
포식,1
때우,1
근무,1
닦이,1
곤두박질치,1
신규,1
마멸,1
납품,1
도적질,1
비일비재,1
털리,1
불러들이,1
절친,1
구상화,1
줄발,1
변별,1
명료화,1
무화,1
암담,1
몰각,1
위협받,1
무력화,1
이어받,1
폄하,1
탁상공론,1
즉,1
들씌우,1
칩거,1
어른거리,1
이러한,1
일그러뜨리,1
부조화,1
반작용,1
개별화,1
양산,1
눈여기,1
비속,1
일탈,1
재인식,1
기중,1
현상화,1
귀납,1
표상화,1
모사,1
무한정,1
달르,1
눈여겨보,1
바람직하,1
다가가,1
중심되,1
뚜렷하,1
자리매김,1
합병,1
양도,1
문명화,1
국제화,1
접어듣,1
드라마틱,1
재무장,1
해묵,1
감축,1
삽입,1
연동,1
차등화,1
표준화,1
신성화,1
보편화,1
등질화,1
그리하,1
세계화,1
머물르,1
재조직,1
반숙,1
진득진득,1
쇄도,1
재발생,1
불문,1
온화,1
재통합,1
대형화,1
원영,1
창간,1
정치화,1
전무,1
배태,1
경직,1
재검토,1
상대화,1
현실,1
근원,1
과대평가,1
관전,1
침해,1
깜짝,1
시멘트화,1
개편,1
특징화,1
꿰,1
각색,1
수신,1
센세이션,1
신고,1
까다롭,1
구매,1
시장화,1
인지하,1
따내,1
청구,1
낙찰,1
깍,1
격돌,1
부속,1
명시화,1
특정화,1
떠맡,1
침탈,1
철두철미,1
나태,1
재빠르,1
숨어들,1
염,1
맥맥,1
예속화,1
사그라지,1
평이,1
속간,1
전전,1
홀륭,1
격려,1
명중,1
수술,1
이때,1
웅혼,1
우,1
밀송,1
政治,1
출감,1
빌붙,1
가동,1
원천,1
획책,1
정면,1
삼엄,1
입적,1
고평,1
날렵,1
구사,1
감기,1
극명,1
관념시,1
못,1
記,1
들끓,1
풀어보,1
경우,1
암울,1
영향,1
독파,1
걸맞,1
기약,1
엄존,1
가능하,1
사귀,1
파격,1
들끊,1
아파하,1
일체화,1
개탄,1
들추,1
변명,1
通讀,1
바분,1
상재,1
씌이,1
번복,1
젖어들,1
표면되,1
돋아오르,1
연재,1
고전,1
동행,1
끼얹,1
주동,1
선고,1
예건,1
교사,1
기초하,1
잠재,1
거행,1
조형,1
한랭,1
꿇,1
타이트,1
장식품화,1
접빈객,1
재확인,1
현지,1
죄송,1
논평,1
소략,1
할당,1
토의,1
매혹,1
비뚤,1
대용,1
접대,1
부탁드리,1
의뢰,1
본뜨,1
사유화,1
보위,1
체류,1
창달,1
녹화,1
결어되,1
탐닉,1
해치,1
주창,1
자비,1
불건전,1
탐색,1
날조,1
사임,1
부동,1
표절,1
파헤치,1
착취,1
근엄,1
내뻗,1
움켜지,1
지시,1
복역,1
투대,1
변신,1
특출,1
괴멸,1
휘어잡,1
다오카가쓰오,1
뒤엎,1
거꾸러뜨리,1
휘둘르,1
손보,1
처치,1
얻어맞,1
찍어내리,1
멋모르,1
엎지르,1
변호,1
묵살,1
무참,1
지새우,1
쌓아올리,1
격노,1
다물,1
즐비,1
추잡,1
무마,1
폭격,1
압수,1
공생,1
성나,1
거머쥐,1
몰아치,1
저격,1
까불,1
핀잔,1
자빠지,1
떠받치,1
무역,1
결행,1
끄떡이,1
애도,1
사나이,1
내동댕이치,1
침착,1
겨루,1
진치,1
추켜세우,1
들썩들썩거리,1
때묻,1
실색,1
시끌벅적하,1
은퇴,1
유력,1
앉히,1
요원,1
의기양양,1
내새우,1
샘솟,1
가만있,1
발매,1
계약,1
앗아가,1
껴안,1
어필,1
헤엄치,1
떠나가,1
부귀,1
조잡,1
결핍,1
정묘,1
순환,1
탕진,1
어슴푸레,1
영묘,1
미분화,1
밀폐,1
타들,1
내려보내,1
되돌려보내,1
암약,1
마주앉,1
경애,1
고립화,1
왔다갔다하,1
밀,1
큰일나,1
손해나,1
취임,1
정치,1
타전,1
소란,1
잔류,1
청하,1
주효,1
통역,1
실감나,1
난감,1
따돌리,1
일원화,1
조처,1
그르치,1
소리나,1
바라다보이,1
선점,1
청약,1
요란,1
도열,1
주름지,1
물막,1
배석,1
귀띔,1
엿듣,1
종용,1
회담,1
떨구,1
갸웃하,1
체,1
캐묻,1
쇄잔,1
기어들,1
은둔,1
연잇,1
알아둡,1
처절,1
설법,1
득도,1
제도,1
입사,1
설하,1
대자대비,1
무량,1
깁,1
서리,1
진상,1
아득,1
왕복,1
전래,1
제일가,1
들어차,1
고시,1
거듭되,1
둥그,1
보전,1
사수,1
위치하,1
파손,1
현묘,1
강설,1
초장,1
맞닿,1
방사,1
접안,1
소환,1
거만,1
빈정거리,1
못미치,1
쟁쟁,1
환영받,1
반출,1
질식,1
허덕거리,1
어루만지,1
애석,1
경미,1
비껴들,1
북적거리,1
영치,1
나른,1
눅눅,1
뭉클,1
마찬가,1
조급,1
배웅,1
드리워지,1
선고받,1
재충전,1
못이루,1
청명,1
새롭,1
처연,1
뒤척거리,1
찌푸리,1
울려퍼,1
호젓,1
각인,1
사무치,1
무미,1
두근거리,1
속상,1
가까워지,1
차가워지,1
섭섭,1
휘감,1
베이,1
내뱉,1
억압당하,1
교감,1
함몰당,1
청결,1
밀려들,1
기대려들,1
배급,1
사양,1
자잘,1
관용,1
게걸,1
위안,1
든든,1
느껴지,1
헤이,1
사유,1
끌어안,1
울적,1
소용돌이치,1
위로받,1
유예,1
번,1
윙윙거리,1
창백,1
흘려보내,1
엄혹,1
훼손당,1
결박,1
결박당하,1
몸떨리,1
아장거리,1
탈색,1
단순명쾌,1
정들,1
안쓰럽,1
안아주,1
저주받,1
빈곤,1
뿌리치,1
되새김질,1
음험,1
증거인멸,1
전복,1
오락가락,1
음울,1
조촐,1
맹렬,1
확인받,1
쩝쩝거리,1
자욱,1
궁색,1
내통,1
고요,1
아파,1
우울,1
정좌,1
물러가,1
증발,1
무미건조,1
멍청,1
왔다가,1
텅비,1
남루,1
실종,1
소풍가,1
뿌리뽑히,1
방심,1
피흐르,1
지난,1
야생,1
개간,1
화석화,1
짓이기,1
화식,1
괴기,1
물려,1
지명,1
빻,1
범상,1
마감,1
게을리하,1
위압,1
피폐,1
개창,1
개국,1
반항,1
와신상담,1
예리,1
자임,1
쟁명,1
미화,1
도,1
한자,1
한비자,1
애독,1
잘리,1
장구,1
내딛,1
세습,1
각개격파,1
임신,1
만만,1
연금,1
허황,1
일컬,1
비방,1
멸하,1
호위,1
나르,1
설계,1
엄,1
비장,1
표위,1
병약,1
가시화,1
급강하,1
부지,1
일단락,1
증액,1
처량,1
출마,1
창당,1
회구,1
끝맺,1
계도,1
기상천외,1
신빙,1
와전,1
분양,1
해제,1
후퇴,1
갈팡질팡,1
반납,1
끼우,1
비재,1
역임,1
엇갈리,1
영입,1
발탁,1
탈산업화,1
비틀거리,1
과점,1
도약,1
불태우,1
소홀,1
깎아내리,1
멍들,1
흩뜨리,1
편승,1
백만,1
원,1
여전,1
측은,1
오르내리,1
갈파,1
재점검,1
부실화,1
경제,1
커버,1
저상,1
나타,1
격심,1
공동운명체,1
불붙,1
육박,1
반전,1
도취,1
연성,1
과학화,1
맞먹,1
안하,1
시판,1
유랑,1
밝혀저,1
밀집,1
수려,1
내어주,1
관광,1
뭉뚱그리,1
특징지우,1
복고,1
잠식,1
운송,1
명징,1
앙갚음,1
부정시,1
강점,1
유세,1
총살,1
종식,1
인플레이션,1
공제,1
심대,1
대중화,1
재고,1
귀력,1
천명,1
배가,1
이양,1
평배,1
외연,1
맞닥뜨리,1
넘겨받,1
척박,1
휘몰아치,1
오그라든,1
둘러치,1
유장,1
휘어들,1
웅크리,1
나지막,1
해,1
그만,1
때,1
숭상,1
빠져듣,1
옮,1
전승,1
순산,1
씩씩,1
사납,1
불러모으,1
빼먹,1
흠모,1
혼인,1
답답,1
다정,1
신기,1
판판,1
밋밋,1
미끄러지,1
울퉁불퉁,1
배,1
끊기,1
제치,1
다치,1
가뿐,1
내리쬐,1
빳빳,1
구부리,1
측량,1
구불구불,1
좁,1
귀찮,1
알아맞히,1
꾸려가,1
등정,1
답,1
단련,1
문제삼,1
복잡하,1
보살피,1
퇴직,1
대의하,1
상기,1
불참,1
조인,1
불균등,1
넓,1
말살,1
필수불가결,1
조속,1
상품화,1
건실,1
평준화,1
마주하,1
맞아들이,1
진척,1
비견,1
교대,1
채책,1
분분,1
급전,1
자명하,1
민중,1
도식화,1
상태,1
적정,1
주춤하,1
애창,1
자각,1
다양하,1
주목받,1
재편곡,1
소홀히,1
기양,1
흑자,1
차감,1
차입,1
충분하,1
수고,1
현금,1
에정,1
연기,1
노예,1
비어지,1
공박,1
진리,1
부닥치,1
내팽개치,1
밀려듣,1
뜯어고치,1
끌려들,1
바로잡히,1
열어제치,1
철학,1
족,1
자청,1
자유롭,1
수학,1
데카르트,1
좌천,1
입력,1
아프,1
중심문제,1
엉키,1
반짝거리,1
불나,1
값나가,1
양해,1
만장,1
거,1
추월,1
부치,1
불명료,1
존지,1
미소짓,1
생시,1
전율,1
못잡,1
기초짓,1
따분,1
살벌,1
불확시,1
철학자,1
통속화,1
명로,1
되돌아오,1
편들,1
농삼,1
균형,1
풍자,1
결실,1
적대시,1
멸암,1
박해,1
농담,1
무사,1
고투,1
여하,1
축축,1
위로,1
할거,1
갱신,1
점지,1
험준,1
탐지,1
매복,1
꺽이,1
막심,1
탐하,1
강성하,1
소탕,1
승계,1
호송,1
재조정,1
한,1
찬탈,1
결빙,1
책봉,1
개통,1
주둔,1
체택,1
기절,1
높히,1
협공,1
몰려들,1
불분명,1
봉하,1
등극,1
인계,1
준수,1
송환,1
도굴,1
당기,1
포진,1
접견,1
매진,1
무례,1
진주,1
맞부딪치,1
궤멸,1
퇴각,1
다급하,1
표기,1
분파,1
부정확,1
잔존,1
공멸,1
가늠,1
산정,1
추계,1
강제화,1
장착,1
통보,1
시공,1
조립,1
점검,1
자동화,1
식상,1
고급화,1
겸비,1
정박,1
날아가,1
익숙하,1
컴퓨터화,1
전자화,1
통화,1
집어들,1
체크,1
손해보,1
부착,1
실체화,1
무가치,1
복받,1
무차별,1
중속,1
명상,1
총합,1
정교화,1
불명확,1
선하,1
염두,1
모면,1
우유부단,1
더듬거리,1
성싶,1
되돌아서,1
권,1
순,1
존경받,1
촉망,1
멀쩡,1
길,1
놀랄만,1
친,1
녹음,1
회생,1
구출,1
지탄받,1
저조,1
표,1
종결짓,1
재탈환,1
주체,1
무던,1
어리둥절,1
갈라지,1
겸허,1
관두,1
실추,1
동감,1
끔짝,1
야심만만,1
눌리,1
불만족,1
캄캄,1
중얼거리,1
친절,1
고장나,1
진부,1
깎아지르,1
진기,1
증진,1
몰인정,1
그럴긋,1
붙어다니,1
다가,1
발송,1
갈취,1
재확립,1
재조명,1
부언,1
진일보,1
배재,1
정반대,1
취약하,1
내정,1
별견,1
과잉,1
증폭,1
중립,1
관장,1
감시,1
일정불변,1
뿌리내리,1
중앙집권화,1
자원,1
정치세력화,1
어려워지,1
할용,1
회자,1
민주화,1
이뤄지,1
높아지,1
이분,1
차타,1
과세,1
행해지,1
보조,1
해걸,1
걸미,1
발단,1
선동,1
간여,1
거세,1
무산,1
재결집,1
재봉기,1
빈발,1
억압받,1
입도,1
치부,1
띄우,1
날아다니,1
기어다니,1
향긋,1
다짐,1
체재,1
바라보이,1
사르,1
챙겨듣,1
내려치,1
손대,1
편애,1
지세,1
선연,1
덮어두,1
숙영,1
둘러대,1
관련짓,1
숙연,1
해몽,1
적중,1
붉히,1
거닐,1
울부짖,1
말끔,1
불러오,1
전무후무,1
추격,1
걷히,1
선발,1
피어오르,1
엉겨붙,1
치미,1
헌정,1
뺏,1
맹공,1
전사,1
화장,1
사정,1
간청,1
영접,1
귀항,1
전멸,1
구사일생하,1
파란만장,1
시간가,1
장대,1
적나라,1
영향받,1
기획,1
채록,1
입신출세,1
귀여워하,1
요양,1
완치,1
기워맞추,1
제압,1
구경,1
계몽,1
맞바꾸,1
늘어지,1
재해석,1
맞받아치,1
사기당하,1
빛내,1
순회,1
휘둥그렇,1
덧붙,1
조롱,1
노닐,1
녹슬,1
오무리,1
진귀,1
증강,1
결정지어지,1
주지,1
이어지,1
달려오,1
복합화,1
해주,1
장치,1
동작,1
작아지,1
심지,1
빨라지,1
무궁,1
뒤잇,1
마이크로화,1
열려지,1
합쳐지,1
부드러워지,1
시초,1
개폐,1
필적,1
고대,1
대량,1
극소화,1
실용화,1
장비,1
알아내,1
빨,1
목적,1
대류,1
탑재,1
와닿,1
소형화,1
흘러나오,1
도전,1
시설,1
배달,1
잡아가,1
급상승,1
분기,1
지체,1
가버리,1
초조해지,1
서비스,1
이체화,1
스위칭,1
정해지,1
고약,1
포도주,1
봉인,1
우묵,1
패,1
쪼,1
굴러다니,1
오리,1
제련,1
신성시,1
신비주의,1
버금가,1
저술,1
유린,1
우회,1
황화비소,1
논박,1
온난,1
퇴짜놓,1
포화,1
현탁,1
방랑,1
혼잡,1
촉매,1
정련,1
불사르,1
건류,1
연소,1
응축,1
융합,1
물러나오,1
밀반출,1
화랑도,1
통솔,1
뽑히,1
세계,1
되묻히,1
대리,1
나약,1
뵙,1
소리지르,1
귀양살이,1
맺히,1
불규칙,1
돋구,1
특수화,1
헛소리,1
동물,1
격동,1
글,1
옹기,1
천진,1
꿰매,1
내키,1
윤택,1
무관계,1
발상,1
생리학,1
이론화,1
동이,1
아연실색,1
예,1
받들이,1
잡아볼만,1
조각,1
열거,1
서거,1
굴러떨,1
얽,1
무색투명,1
유순,1
하문,1
황공,1
기울리,1
찬미,1
공양,1
꼭같,1
신용,1
찜찜,1
책임맡,1
깆추,1
널찍,1
둥그스름,1
방아찧,1
담가먹,1
기억나,1
시중들,1
받쳐입,1
정도,1
연약,1
갈르,1
가족화,1
선택받,1
엉성,1
주워모으,1
농사,1
비료주,1
수확,1
도둑질,1
팔러다닐,1
천대받,1
귀농,1
편제,1
제사지내,1
놀이,1
희사,1
경과,1
막론,1
정복당하,1
통,1
후예,1
잘살,1
면제받,1
수탈,1
복무,1
제고,1
기증,1
잘리우,1
벌리,1
비난받,1
그릇칠,1
명기,1
현전,1
소용,1
계량화,1
감액,1
도발,1
단조롭,1
북,1
복수,1
이런,1
통합시키,1
비천,1
시집보내,1
전후하,1
강권,1
약혼,1
교과서,1
검정,1
못내,1
의역,1
편협,1
융성,1
순진무구,1
면면,1
초라,1
치장,1
지대하,1
음각,1
짚,1
누락,1
거짓되,1
덧씌우,1
해괴,1
악용,1
과민,1
선도,1
자생,1
부끄러워하,1
호응,1
단념,1
천도,1
항전,1
지켜보,1
진동,1
광범,1
명석,1
둥글,1
배척,1
전능,1
있음직,1
관련되,1
상쇄,1
똑같,1
소용되,1
받기도,1
비등,1
재개발,1
후원,1
강간,1
혹평,1
뷸과,1
냉랭,1
부적격,1
자수성가,1
독학,1
분할,1
세분,1
숙지,1
열성,1
발동,1
집합,1
도전받,1
회의,1
흡입,1
권고,1
둔감,1
호흡,1
받아들,1
무정,1
명쾌,1
공전,1
자전,1
발아,1
얽매,1
실험,1
써넣,1
육중,1
냉혹,1
쩔쩔매,1
앙증,1
태연,1
까뭉개,1
밟히,1
불쾌,1
등돌리,1
염하,1
달구,1
대들,1
까딱,1
목메,1
호락호락,1
한심,1
한물가,1
동정,1
엄숙,1
나긋,1
신들리,1
지배하,1
짓눌리,1
오열,1
우둔,1
과감,1
요행,1
씨부렁,1
맥빠지,1
배이,1
청초,1
빛바래,1
나풀,1
팽팽,1
파도치,1
비겁,1
오만,1
셈하,1
보복,1
만끽,1
내려앉,1
몽롱,1
게산,1
냉담,1
장성,1
민망,1
두렵,1
밉,1
기웃,1
껌뻑이,1
올라타,1
컴컴,1
흘러다니,1
낙향,1
서성,1
감돌,1
고뇌,1
찔끔,1
팽개치,1
찢어지,1
주춤,1
퇴행,1
공저,1
철학화,1
검사,1
미심쩍,1
부기,1
감명,1
예증,1
밀어넣,1
